START DATE,START TIME,START TIME ET,SUBJECT,LOCATION,DESCRIPTION,END DATE,END DATE ET,END TIME,END TIME ET,REMINDER OFF,REMINDER ON,REMINDER DATE,REMINDER TIME,REMINDER TIME ET,SHOWTIMEAS FREE,SHOWTIMEAS BUSY
02/21/26,01:05 PM,03:05 PM,Reds at Guardians,Goodyear Ballpark - Goodyear,"Local TV: Guardians TV Presented by Progressive ----- Local Radio: WTAM 1100- Guardians Radio Network",02/21/26,02/21/26,04:05 PM,06:05 PM,FALSE,TRUE,02/21/26,12:05 PM,02:05 PM,FREE,BUSY
02/21/26,03:10 PM,03:10 PM,Guardians at Brewers,American Family Fields of Phoenix - Phoenix,"",02/21/26,02/21/26,06:10 PM,06:10 PM,FALSE,TRUE,02/21/26,02:10 PM,02:10 PM,FREE,BUSY
02/22/26,03:05 PM,03:05 PM,Guardians at Athletics,Hohokam Stadium - Mesa,"",02/22/26,02/22/26,06:05 PM,06:05 PM,FALSE,TRUE,02/22/26,02:05 PM,02:05 PM,FREE,BUSY
02/23/26,01:05 PM,03:05 PM,D-backs at Guardians,Goodyear Ballpark - Goodyear,"Local Radio: WTAM 1100- Guardians Radio Network",02/23/26,02/23/26,04:05 PM,06:05 PM,FALSE,TRUE,02/23/26,12:05 PM,02:05 PM,FREE,BUSY
02/24/26,03:05 PM,03:05 PM,Guardians at Dodgers,Camelback Ranch - Glendale,"Local TV: MLBN ----- Local Radio: WTAM 1100- Guardians Radio Network",02/24/26,02/24/26,06:05 PM,06:05 PM,FALSE,TRUE,02/24/26,02:05 PM,02:05 PM,FREE,BUSY
02/25/26,01:05 PM,03:05 PM,Rangers at Guardians,Goodyear Ballpark - Goodyear,"",02/25/26,02/25/26,04:05 PM,06:05 PM,FALSE,TRUE,02/25/26,12:05 PM,02:05 PM,FREE,BUSY
02/26/26,03:10 PM,03:10 PM,Guardians at Mariners,Peoria Stadium - Peoria,"Local TV: Guardians TV Presented by Progressive- MLBN (out-of-market only) ----- Local Radio: WTAM 1100- Guardians Radio Network",02/26/26,02/26/26,06:10 PM,06:10 PM,FALSE,TRUE,02/26/26,02:10 PM,02:10 PM,FREE,BUSY
02/27/26,03:05 PM,03:05 PM,Guardians at Cubs,Sloan Park - Mesa,"",02/27/26,02/27/26,06:05 PM,06:05 PM,FALSE,TRUE,02/27/26,02:05 PM,02:05 PM,FREE,BUSY
02/28/26,01:05 PM,03:05 PM,White Sox at Guardians,Goodyear Ballpark - Goodyear,"Local TV: Guardians TV Presented by Progressive ----- Local Radio: WTAM 1100- Guardians Radio Network",02/28/26,02/28/26,04:05 PM,06:05 PM,FALSE,TRUE,02/28/26,12:05 PM,02:05 PM,FREE,BUSY
03/01/26,03:10 PM,03:10 PM,Guardians at D-backs,Salt River Fields at Talking Stick - Scottsdale,"",03/01/26,03/01/26,06:10 PM,06:10 PM,FALSE,TRUE,03/01/26,02:10 PM,02:10 PM,FREE,BUSY
03/01/26,01:05 PM,03:05 PM,Rockies at Guardians,Goodyear Ballpark - Goodyear,"Local TV: Guardians TV Presented by Progressive- MLBN (out-of-market only) ----- Local Radio: WTAM 1100- Guardians Radio Network",03/01/26,03/01/26,04:05 PM,06:05 PM,FALSE,TRUE,03/01/26,12:05 PM,02:05 PM,FREE,BUSY
03/02/26,03:05 PM,03:05 PM,Guardians at Rangers,Surprise Stadium - Surprise,"",03/02/26,03/02/26,06:05 PM,06:05 PM,FALSE,TRUE,03/02/26,02:05 PM,02:05 PM,FREE,BUSY
03/03/26,01:05 PM,03:05 PM,Dodgers at Guardians,Goodyear Ballpark - Goodyear,"Local TV: Guardians TV Presented by Progressive ----- Local Radio: WTAM 1100- Guardians Radio Network",03/03/26,03/03/26,04:05 PM,06:05 PM,FALSE,TRUE,03/03/26,12:05 PM,02:05 PM,FREE,BUSY
03/05/26,08:05 PM,08:05 PM,Guardians at White Sox,Camelback Ranch - Glendale,"",03/05/26,03/05/26,11:05 PM,11:05 PM,FALSE,TRUE,03/05/26,07:05 PM,07:05 PM,FREE,BUSY
03/06/26,01:05 PM,03:05 PM,Angels at Guardians,Goodyear Ballpark - Goodyear,"Local TV: MLBN (out-of-market only)- Guardians TV Presented by Progressive ----- Local Radio: WTAM 1100- Guardians Radio Network",03/06/26,03/06/26,04:05 PM,06:05 PM,FALSE,TRUE,03/06/26,12:05 PM,02:05 PM,FREE,BUSY
03/07/26,01:05 PM,03:05 PM,Padres at Guardians,Goodyear Ballpark - Goodyear,"Local TV: Guardians TV Presented by Progressive ----- Local Radio: WTAM 1100- Guardians Radio Network",03/07/26,03/07/26,04:05 PM,06:05 PM,FALSE,TRUE,03/07/26,12:05 PM,02:05 PM,FREE,BUSY
03/08/26,04:10 PM,04:10 PM,Guardians at Rockies,Salt River Fields at Talking Stick - Scottsdale,"",03/08/26,03/08/26,07:10 PM,07:10 PM,FALSE,TRUE,03/08/26,03:10 PM,03:10 PM,FREE,BUSY
03/09/26,04:05 PM,04:05 PM,Guardians at Royals,Surprise Stadium - Surprise,"",03/09/26,03/09/26,07:05 PM,07:05 PM,FALSE,TRUE,03/09/26,03:05 PM,03:05 PM,FREE,BUSY
03/10/26,01:05 PM,04:05 PM,Giants at Guardians,Goodyear Ballpark - Goodyear,"Local Radio: WTAM 1100- Guardians Radio Network",03/10/26,03/10/26,04:05 PM,07:05 PM,FALSE,TRUE,03/10/26,12:05 PM,03:05 PM,FREE,BUSY
03/12/26,06:05 PM,09:05 PM,Brewers at Guardians,Goodyear Ballpark - Goodyear,"",03/12/26,03/13/26,09:05 PM,12:05 AM,FALSE,TRUE,03/12/26,05:05 PM,08:05 PM,FREE,BUSY
03/13/26,04:10 PM,04:10 PM,Guardians at Angels,Tempe Diablo Stadium - Tempe,"",03/13/26,03/13/26,07:10 PM,07:10 PM,FALSE,TRUE,03/13/26,03:10 PM,03:10 PM,FREE,BUSY
03/14/26,04:10 PM,04:10 PM,Guardians at Padres,Peoria Stadium - Peoria,"Local Radio: WTAM 1100- Guardians Radio Network",03/14/26,03/14/26,07:10 PM,07:10 PM,FALSE,TRUE,03/14/26,03:10 PM,03:10 PM,FREE,BUSY
03/15/26,01:05 PM,04:05 PM,Athletics at Guardians,Goodyear Ballpark - Goodyear,"",03/15/26,03/15/26,04:05 PM,07:05 PM,FALSE,TRUE,03/15/26,12:05 PM,03:05 PM,FREE,BUSY
03/16/26,06:05 PM,09:05 PM,Cubs at Guardians,Goodyear Ballpark - Goodyear,"Local TV: Guardians TV Presented by Progressive ----- Local Radio: WTAM 1100- Guardians Radio Network",03/16/26,03/17/26,09:05 PM,12:05 AM,FALSE,TRUE,03/16/26,05:05 PM,08:05 PM,FREE,BUSY
03/17/26,09:05 PM,09:05 PM,Guardians at Reds,Goodyear Ballpark - Goodyear,"Local TV: Guardians TV Presented by Progressive ----- Local Radio: WTAM 1100- Guardians Radio Network",03/18/26,03/18/26,12:05 AM,12:05 AM,FALSE,TRUE,03/17/26,08:05 PM,08:05 PM,FREE,BUSY
03/19/26,06:05 PM,09:05 PM,Royals at Guardians,Goodyear Ballpark - Goodyear,"",03/19/26,03/20/26,09:05 PM,12:05 AM,FALSE,TRUE,03/19/26,05:05 PM,08:05 PM,FREE,BUSY
03/20/26,01:05 PM,04:05 PM,Mariners at Guardians,Goodyear Ballpark - Goodyear,"Local TV: Guardians TV Presented by Progressive ----- Local Radio: WTAM 1100- Guardians Radio Network",03/20/26,03/20/26,04:05 PM,07:05 PM,FALSE,TRUE,03/20/26,12:05 PM,03:05 PM,FREE,BUSY
03/21/26,03:05 PM,03:05 PM,Guardians at Giants,Scottsdale Stadium - Scottsdale,"",03/21/26,03/21/26,06:05 PM,06:05 PM,FALSE,TRUE,03/21/26,02:05 PM,02:05 PM,FREE,BUSY
03/22/26,12:05 PM,03:05 PM,Reds at Guardians,Goodyear Ballpark - Goodyear,"Local TV: Guardians TV Presented by Progressive ----- Local Radio: WTAM 1100- Guardians Radio Network",03/22/26,03/22/26,03:05 PM,06:05 PM,FALSE,TRUE,03/22/26,11:05 AM,02:05 PM,FREE,BUSY
03/23/26,09:40 PM,09:40 PM,Guardians at D-backs,Chase Field - Phoenix,"",03/24/26,03/24/26,12:40 AM,12:40 AM,FALSE,TRUE,03/23/26,08:40 PM,08:40 PM,FREE,BUSY
03/24/26,03:40 PM,03:40 PM,Guardians at D-backs,Chase Field - Phoenix,"",03/24/26,03/24/26,06:40 PM,06:40 PM,FALSE,TRUE,03/24/26,02:40 PM,02:40 PM,FREE,BUSY
03/26/26,10:10 PM,10:10 PM,Guardians at Mariners,T-Mobile Park - Seattle,"Local TV: Guardians TV Presented by Progressive ----- Local Radio: WTAM 1100- Guardians Radio Network",03/27/26,03/27/26,01:10 AM,01:10 AM,FALSE,TRUE,03/26/26,09:10 PM,09:10 PM,FREE,BUSY
03/27/26,09:45 PM,09:45 PM,Guardians at Mariners,T-Mobile Park - Seattle,"Local TV: Guardians TV Presented by Progressive ----- Local Radio: WTAM 1100- Guardians Radio Network",03/28/26,03/28/26,12:45 AM,12:45 AM,FALSE,TRUE,03/27/26,08:45 PM,08:45 PM,FREE,BUSY
03/28/26,09:40 PM,09:40 PM,Guardians at Mariners,T-Mobile Park - Seattle,"Local TV: Guardians TV Presented by Progressive ----- Local Radio: WTAM 1100- WMMS 100.7- Guardians Radio Network",03/29/26,03/29/26,12:40 AM,12:40 AM,FALSE,TRUE,03/28/26,08:40 PM,08:40 PM,FREE,BUSY
03/29/26,07:20 PM,07:20 PM,Guardians at Mariners,T-Mobile Park - Seattle,"Local TV: Peacock ----- Local Radio: WTAM 1100- WMMS 100.7- Guardians Radio Network",03/29/26,03/29/26,10:20 PM,10:20 PM,FALSE,TRUE,03/29/26,06:20 PM,06:20 PM,FREE,BUSY
03/30/26,10:10 PM,10:10 PM,Guardians at Dodgers,Dodger Stadium - Los Angeles,"Local TV: Guardians TV Presented by Progressive ----- Local Radio: WTAM 1100- Guardians Radio Network",03/31/26,03/31/26,01:10 AM,01:10 AM,FALSE,TRUE,03/30/26,09:10 PM,09:10 PM,FREE,BUSY
03/31/26,10:10 PM,10:10 PM,Guardians at Dodgers,Dodger Stadium - Los Angeles,"Local TV: Guardians TV Presented by Progressive ----- Local Radio: WTAM 1100- Guardians Radio Network",04/01/26,04/01/26,01:10 AM,01:10 AM,FALSE,TRUE,03/31/26,09:10 PM,09:10 PM,FREE,BUSY
04/01/26,08:20 PM,08:20 PM,Guardians at Dodgers,Dodger Stadium - Los Angeles,"Local TV: Guardians TV Presented by Progressive ----- Local Radio: WTAM 1100- WMMS 100.7- Guardians Radio Network",04/01/26,04/01/26,11:20 PM,11:20 PM,FALSE,TRUE,04/01/26,07:20 PM,07:20 PM,FREE,BUSY
04/03/26,04:10 PM,04:10 PM,Cubs at Guardians,Progressive Field - Cleveland,"Local TV: Guardians TV Presented by Progressive- WKYC 3 ----- Local Radio: WTAM 1100- WMMS 100.7- WARF 1350- Guardians Radio Network",04/03/26,04/03/26,07:10 PM,07:10 PM,FALSE,TRUE,04/03/26,03:10 PM,03:10 PM,FREE,BUSY
04/04/26,07:15 PM,07:15 PM,Cubs at Guardians,Progressive Field - Cleveland,"Local TV: FOX ----- Local Radio: WTAM 1100- WMMS 100.7- WARF 1350- Guardians Radio Network",04/04/26,04/04/26,10:15 PM,10:15 PM,FALSE,TRUE,04/04/26,06:15 PM,06:15 PM,FREE,BUSY
04/05/26,01:40 PM,01:40 PM,Cubs at Guardians,Progressive Field - Cleveland,"Local TV: Guardians TV Presented by Progressive ----- Local Radio: WTAM 1100- WARF 1350- Guardians Radio Network",04/05/26,04/05/26,04:40 PM,04:40 PM,FALSE,TRUE,04/05/26,12:40 PM,12:40 PM,FREE,BUSY
04/06/26,06:10 PM,06:10 PM,Royals at Guardians,Progressive Field - Cleveland,"Local TV: Guardians TV Presented by Progressive ----- Local Radio: WTAM 1100- Guardians Radio Network- WARF 1350",04/06/26,04/06/26,09:10 PM,09:10 PM,FALSE,TRUE,04/06/26,05:10 PM,05:10 PM,FREE,BUSY
04/07/26,06:10 PM,06:10 PM,Royals at Guardians,Progressive Field - Cleveland,"Local TV: Guardians TV Presented by Progressive ----- Local Radio: WTAM 1100- WMMS 100.7- WARF 1350- Guardians Radio Network",04/07/26,04/07/26,09:10 PM,09:10 PM,FALSE,TRUE,04/07/26,05:10 PM,05:10 PM,FREE,BUSY
04/08/26,01:10 PM,01:10 PM,Royals at Guardians,Progressive Field - Cleveland,"Local TV: Guardians TV Presented by Progressive ----- Local Radio: WTAM 1100- WARF 1350- Guardians Radio Network",04/08/26,04/08/26,04:10 PM,04:10 PM,FALSE,TRUE,04/08/26,12:10 PM,12:10 PM,FREE,BUSY
04/10/26,07:15 PM,07:15 PM,Guardians at Braves,Truist Park - Atlanta,"Local TV: Guardians TV Presented by Progressive ----- Local Radio: WTAM 1100- Guardians Radio Network",04/10/26,04/10/26,10:15 PM,10:15 PM,FALSE,TRUE,04/10/26,06:15 PM,06:15 PM,FREE,BUSY
04/11/26,07:15 PM,07:15 PM,Guardians at Braves,Truist Park - Atlanta,"Local TV: Guardians TV Presented by Progressive ----- Local Radio: WTAM 1100- WMMS 100.7- Guardians Radio Network",04/11/26,04/11/26,10:15 PM,10:15 PM,FALSE,TRUE,04/11/26,06:15 PM,06:15 PM,FREE,BUSY
04/12/26,07:20 PM,07:20 PM,Guardians at Braves,Truist Park - Atlanta,"Local TV: NBC- Peacock ----- Local Radio: WTAM 1100- Guardians Radio Network",04/12/26,04/12/26,10:20 PM,10:20 PM,FALSE,TRUE,04/12/26,06:20 PM,06:20 PM,FREE,BUSY
04/13/26,07:45 PM,07:45 PM,Guardians at Cardinals,Busch Stadium - St. Louis,"Local TV: Guardians TV Presented by Progressive ----- Local Radio: WTAM 1100- WMMS 100.7- Guardians Radio Network",04/13/26,04/13/26,10:45 PM,10:45 PM,FALSE,TRUE,04/13/26,06:45 PM,06:45 PM,FREE,BUSY
04/14/26,07:45 PM,07:45 PM,Guardians at Cardinals,Busch Stadium - St. Louis,"Local TV: Guardians TV Presented by Progressive ----- Local Radio: WTAM 1100- WMMS 100.7- Guardians Radio Network",04/14/26,04/14/26,10:45 PM,10:45 PM,FALSE,TRUE,04/14/26,06:45 PM,06:45 PM,FREE,BUSY
04/15/26,01:15 PM,01:15 PM,Guardians at Cardinals,Busch Stadium - St. Louis,"Local TV: Guardians TV Presented by Progressive ----- Local Radio: WTAM 1100- Guardians Radio Network",04/15/26,04/15/26,04:15 PM,04:15 PM,FALSE,TRUE,04/15/26,12:15 PM,12:15 PM,FREE,BUSY
04/16/26,06:10 PM,06:10 PM,Orioles at Guardians,Progressive Field - Cleveland,"Local TV: Guardians TV Presented by Progressive ----- Local Radio: WTAM 1100- WMMS 100.7- WARF 1350- Guardians Radio Network",04/16/26,04/16/26,09:10 PM,09:10 PM,FALSE,TRUE,04/16/26,05:10 PM,05:10 PM,FREE,BUSY
04/17/26,06:10 PM,06:10 PM,Orioles at Guardians,Progressive Field - Cleveland,"Local TV: Guardians TV Presented by Progressive- WKYC 3 ----- Local Radio: WTAM 1100- WMMS 100.7- WARF 1350- Guardians Radio Network",04/17/26,04/17/26,09:10 PM,09:10 PM,FALSE,TRUE,04/17/26,05:10 PM,05:10 PM,FREE,BUSY
04/18/26,06:10 PM,06:10 PM,Orioles at Guardians,Progressive Field - Cleveland,"Local TV: Guardians TV Presented by Progressive ----- Local Radio: WTAM 1100- WMMS 100.7- WARF 1350- Guardians Radio Network",04/18/26,04/18/26,09:10 PM,09:10 PM,FALSE,TRUE,04/18/26,05:10 PM,05:10 PM,FREE,BUSY
04/19/26,01:40 PM,01:40 PM,Orioles at Guardians,Progressive Field - Cleveland,"Local TV: Guardians TV Presented by Progressive ----- Local Radio: WTAM 1100- WMMS 100.7- WARF 1350- Guardians Radio Network",04/19/26,04/19/26,04:40 PM,04:40 PM,FALSE,TRUE,04/19/26,12:40 PM,12:40 PM,FREE,BUSY
04/20/26,06:10 PM,06:10 PM,Astros at Guardians,Progressive Field - Cleveland,"Local TV: Guardians TV Presented by Progressive ----- Local Radio: WTAM 1100- WMMS 100.7- WARF 1350- Guardians Radio Network",04/20/26,04/20/26,09:10 PM,09:10 PM,FALSE,TRUE,04/20/26,05:10 PM,05:10 PM,FREE,BUSY
04/21/26,06:10 PM,06:10 PM,Astros at Guardians,Progressive Field - Cleveland,"Local TV: Guardians TV Presented by Progressive ----- Local Radio: WTAM 1100- WMMS 100.7- WARF 1350- Guardians Radio Network",04/21/26,04/21/26,09:10 PM,09:10 PM,FALSE,TRUE,04/21/26,05:10 PM,05:10 PM,FREE,BUSY
04/22/26,01:10 PM,01:10 PM,Astros at Guardians,Progressive Field - Cleveland,"Local TV: Guardians TV Presented by Progressive ----- Local Radio: WTAM 1100- Guardians Radio Network- WARF 1350",04/22/26,04/22/26,04:10 PM,04:10 PM,FALSE,TRUE,04/22/26,12:10 PM,12:10 PM,FREE,BUSY
04/24/26,07:07 PM,07:07 PM,Guardians at Blue Jays,Rogers Centre - Toronto,"Local TV: Guardians TV Presented by Progressive ----- Local Radio: WTAM 1100- WMMS 100.7- Guardians Radio Network",04/24/26,04/24/26,10:07 PM,10:07 PM,FALSE,TRUE,04/24/26,06:07 PM,06:07 PM,FREE,BUSY
04/25/26,03:07 PM,03:07 PM,Guardians at Blue Jays,Rogers Centre - Toronto,"Local TV: FS1- Guardians TV Presented by Progressive ----- Local Radio: WTAM 1100- WMMS 100.7- Guardians Radio Network",04/25/26,04/25/26,06:07 PM,06:07 PM,FALSE,TRUE,04/25/26,02:07 PM,02:07 PM,FREE,BUSY
04/26/26,01:37 PM,01:37 PM,Guardians at Blue Jays,Rogers Centre - Toronto,"Local TV: Guardians TV Presented by Progressive ----- Local Radio: WTAM 1100- WMMS 100.7- Guardians Radio Network",04/26/26,04/26/26,04:37 PM,04:37 PM,FALSE,TRUE,04/26/26,12:37 PM,12:37 PM,FREE,BUSY
04/27/26,06:10 PM,06:10 PM,Rays at Guardians,Progressive Field - Cleveland,"Local TV: Guardians TV Presented by Progressive ----- Local Radio: WTAM 1100- WMMS 100.7- WARF 1350- Guardians Radio Network",04/27/26,04/27/26,09:10 PM,09:10 PM,FALSE,TRUE,04/27/26,05:10 PM,05:10 PM,FREE,BUSY
04/28/26,06:10 PM,06:10 PM,Rays at Guardians,Progressive Field - Cleveland,"Local TV: Guardians TV Presented by Progressive ----- Local Radio: WTAM 1100- WMMS 100.7- WARF 1350- Guardians Radio Network",04/28/26,04/28/26,09:10 PM,09:10 PM,FALSE,TRUE,04/28/26,05:10 PM,05:10 PM,FREE,BUSY
04/29/26,01:10 PM,01:10 PM,Rays at Guardians,Progressive Field - Cleveland,"Local TV: Guardians TV Presented by Progressive ----- Local Radio: WTAM 1100- WARF 1350- Guardians Radio Network",04/29/26,04/29/26,04:10 PM,04:10 PM,FALSE,TRUE,04/29/26,12:10 PM,12:10 PM,FREE,BUSY
05/01/26,09:40 PM,09:40 PM,Guardians at Athletics,Sutter Health Park - Sacramento,"Local TV: Guardians TV Presented by Progressive ----- Local Radio: WTAM 1100- WMMS 100.7- Guardians Radio Network",05/02/26,05/02/26,12:40 AM,12:40 AM,FALSE,TRUE,05/01/26,08:40 PM,08:40 PM,FREE,BUSY
05/02/26,04:05 PM,04:05 PM,Guardians at Athletics,Sutter Health Park - Sacramento,"Local TV: Guardians TV Presented by Progressive ----- Local Radio: WTAM 1100- WMMS 100.7- Guardians Radio Network",05/02/26,05/02/26,07:05 PM,07:05 PM,FALSE,TRUE,05/02/26,03:05 PM,03:05 PM,FREE,BUSY
05/03/26,04:05 PM,04:05 PM,Guardians at Athletics,Sutter Health Park - Sacramento,"Local TV: Guardians TV Presented by Progressive ----- Local Radio: WTAM 1100- WMMS 100.7- Guardians Radio Network",05/03/26,05/03/26,07:05 PM,07:05 PM,FALSE,TRUE,05/03/26,03:05 PM,03:05 PM,FREE,BUSY
05/04/26,07:40 PM,07:40 PM,Guardians at Royals,Kauffman Stadium - Kansas City,"Local TV: Guardians TV Presented by Progressive ----- Local Radio: WTAM 1100- WMMS 100.7- Guardians Radio Network",05/04/26,05/04/26,10:40 PM,10:40 PM,FALSE,TRUE,05/04/26,06:40 PM,06:40 PM,FREE,BUSY
05/05/26,07:40 PM,07:40 PM,Guardians at Royals,Kauffman Stadium - Kansas City,"Local TV: Guardians TV Presented by Progressive ----- Local Radio: WTAM 1100- WMMS 100.7- Guardians Radio Network",05/05/26,05/05/26,10:40 PM,10:40 PM,FALSE,TRUE,05/05/26,06:40 PM,06:40 PM,FREE,BUSY
05/06/26,07:40 PM,07:40 PM,Guardians at Royals,Kauffman Stadium - Kansas City,"Local TV: Guardians TV Presented by Progressive ----- Local Radio: WTAM 1100- WMMS 100.7- Guardians Radio Network",05/06/26,05/06/26,10:40 PM,10:40 PM,FALSE,TRUE,05/06/26,06:40 PM,06:40 PM,FREE,BUSY
05/07/26,02:10 PM,02:10 PM,Guardians at Royals,Kauffman Stadium - Kansas City,"Local TV: Guardians TV Presented by Progressive ----- Local Radio: WTAM 1100- Guardians Radio Network",05/07/26,05/07/26,05:10 PM,05:10 PM,FALSE,TRUE,05/07/26,01:10 PM,01:10 PM,FREE,BUSY
05/08/26,07:15 PM,07:15 PM,Twins at Guardians,Progressive Field - Cleveland,"Local TV: Guardians TV Presented by Progressive ----- Local Radio: WTAM 1100- WMMS 100.7- WARF 1350- Guardians Radio Network",05/08/26,05/08/26,10:15 PM,10:15 PM,FALSE,TRUE,05/08/26,06:15 PM,06:15 PM,FREE,BUSY
05/09/26,06:10 PM,06:10 PM,Twins at Guardians,Progressive Field - Cleveland,"Local TV: Guardians TV Presented by Progressive ----- Local Radio: WTAM 1100- WMMS 100.7- Guardians Radio Network- WARF 1350",05/09/26,05/09/26,09:10 PM,09:10 PM,FALSE,TRUE,05/09/26,05:10 PM,05:10 PM,FREE,BUSY
05/10/26,01:40 PM,01:40 PM,Twins at Guardians,Progressive Field - Cleveland,"Local TV: Guardians TV Presented by Progressive ----- Local Radio: WTAM 1100- WMMS 100.7- WARF 1350- Guardians Radio Network",05/10/26,05/10/26,04:40 PM,04:40 PM,FALSE,TRUE,05/10/26,12:40 PM,12:40 PM,FREE,BUSY
05/11/26,06:10 PM,06:10 PM,Angels at Guardians,Progressive Field - Cleveland,"Local TV: Guardians TV Presented by Progressive ----- Local Radio: WTAM 1100- WMMS 100.7- WARF 1350- Guardians Radio Network",05/11/26,05/11/26,09:10 PM,09:10 PM,FALSE,TRUE,05/11/26,05:10 PM,05:10 PM,FREE,BUSY
05/12/26,06:10 PM,06:10 PM,Angels at Guardians,Progressive Field - Cleveland,"Local TV: Guardians TV Presented by Progressive ----- Local Radio: WTAM 1100- WMMS 100.7- WARF 1350- Guardians Radio Network",05/12/26,05/12/26,09:10 PM,09:10 PM,FALSE,TRUE,05/12/26,05:10 PM,05:10 PM,FREE,BUSY
05/13/26,01:10 PM,01:10 PM,Angels at Guardians,Progressive Field - Cleveland,"Local TV: Guardians TV Presented by Progressive ----- Local Radio: WTAM 1100- WARF 1350- Guardians Radio Network",05/13/26,05/13/26,04:10 PM,04:10 PM,FALSE,TRUE,05/13/26,12:10 PM,12:10 PM,FREE,BUSY
05/15/26,07:10 PM,07:10 PM,Reds at Guardians,Progressive Field - Cleveland,"Local TV: Guardians TV Presented by Progressive- WKYC 3 ----- Local Radio: WTAM 1100- WMMS 100.7- WARF 1350- Guardians Radio Network",05/15/26,05/15/26,10:10 PM,10:10 PM,FALSE,TRUE,05/15/26,06:10 PM,06:10 PM,FREE,BUSY
05/16/26,06:10 PM,06:10 PM,Reds at Guardians,Progressive Field - Cleveland,"Local TV: Guardians TV Presented by Progressive ----- Local Radio: WTAM 1100- WMMS 100.7- WARF 1350- Guardians Radio Network",05/16/26,05/16/26,09:10 PM,09:10 PM,FALSE,TRUE,05/16/26,05:10 PM,05:10 PM,FREE,BUSY
05/17/26,01:40 PM,01:40 PM,Reds at Guardians,Progressive Field - Cleveland,"Local TV: Guardians TV Presented by Progressive ----- Local Radio: WTAM 1100- WMMS 100.7- Guardians Radio Network- WARF 1350",05/17/26,05/17/26,04:40 PM,04:40 PM,FALSE,TRUE,05/17/26,12:40 PM,12:40 PM,FREE,BUSY
05/18/26,06:40 PM,06:40 PM,Guardians at Tigers,Comerica Park - Detroit,"Local TV: FS1 ----- Local Radio: WTAM 1100- WMMS 100.7- Guardians Radio Network",05/18/26,05/18/26,09:40 PM,09:40 PM,FALSE,TRUE,05/18/26,05:40 PM,05:40 PM,FREE,BUSY
05/19/26,06:40 PM,06:40 PM,Guardians at Tigers,Comerica Park - Detroit,"Local TV: Guardians TV Presented by Progressive ----- Local Radio: WTAM 1100- WMMS 100.7- Guardians Radio Network",05/19/26,05/19/26,09:40 PM,09:40 PM,FALSE,TRUE,05/19/26,05:40 PM,05:40 PM,FREE,BUSY
05/20/26,06:40 PM,06:40 PM,Guardians at Tigers,Comerica Park - Detroit,"Local TV: Guardians TV Presented by Progressive ----- Local Radio: WTAM 1100- WMMS 100.7- Guardians Radio Network",05/20/26,05/20/26,09:40 PM,09:40 PM,FALSE,TRUE,05/20/26,05:40 PM,05:40 PM,FREE,BUSY
05/21/26,01:10 PM,01:10 PM,Guardians at Tigers,Comerica Park - Detroit,"Local TV: Guardians TV Presented by Progressive ----- Local Radio: WTAM 1100- Guardians Radio Network",05/21/26,05/21/26,04:10 PM,04:10 PM,FALSE,TRUE,05/21/26,12:10 PM,12:10 PM,FREE,BUSY
05/22/26,06:40 PM,06:40 PM,Guardians at Phillies,Citizens Bank Park - Philadelphia,"Local TV: Guardians TV Presented by Progressive ----- Local Radio: WTAM 1100- WMMS 100.7- Guardians Radio Network",05/22/26,05/22/26,09:40 PM,09:40 PM,FALSE,TRUE,05/22/26,05:40 PM,05:40 PM,FREE,BUSY
05/23/26,04:05 PM,04:05 PM,Guardians at Phillies,Citizens Bank Park - Philadelphia,"Local TV: Guardians TV Presented by Progressive ----- Local Radio: WTAM 1100- WMMS 100.7- Guardians Radio Network",05/23/26,05/23/26,07:05 PM,07:05 PM,FALSE,TRUE,05/23/26,03:05 PM,03:05 PM,FREE,BUSY
05/24/26,01:35 PM,01:35 PM,Guardians at Phillies,Citizens Bank Park - Philadelphia,"Local TV: Guardians TV Presented by Progressive ----- Local Radio: WTAM 1100- WMMS 100.7- Guardians Radio Network",05/24/26,05/24/26,04:35 PM,04:35 PM,FALSE,TRUE,05/24/26,12:35 PM,12:35 PM,FREE,BUSY
05/25/26,06:10 PM,06:10 PM,Nationals at Guardians,Progressive Field - Cleveland,"Local TV: Guardians TV Presented by Progressive ----- Local Radio: WTAM 1100- WMMS 100.7- WARF 1350- Guardians Radio Network",05/25/26,05/25/26,09:10 PM,09:10 PM,FALSE,TRUE,05/25/26,05:10 PM,05:10 PM,FREE,BUSY
05/26/26,06:10 PM,06:10 PM,Nationals at Guardians,Progressive Field - Cleveland,"Local TV: Guardians TV Presented by Progressive ----- Local Radio: WTAM 1100- WMMS 100.7- WARF 1350- Guardians Radio Network",05/26/26,05/26/26,09:10 PM,09:10 PM,FALSE,TRUE,05/26/26,05:10 PM,05:10 PM,FREE,BUSY
05/27/26,01:10 PM,01:10 PM,Nationals at Guardians,Progressive Field - Cleveland,"Local TV: Guardians TV Presented by Progressive ----- Local Radio: WTAM 1100- WARF 1350- Guardians Radio Network",05/27/26,05/27/26,04:10 PM,04:10 PM,FALSE,TRUE,05/27/26,12:10 PM,12:10 PM,FREE,BUSY
05/29/26,07:10 PM,07:10 PM,Red Sox at Guardians,Progressive Field - Cleveland,"Local TV: Guardians TV Presented by Progressive- WKYC 3 ----- Local Radio: WTAM 1100- WMMS 100.7- WARF 1350- Guardians Radio Network",05/29/26,05/29/26,10:10 PM,10:10 PM,FALSE,TRUE,05/29/26,06:10 PM,06:10 PM,FREE,BUSY
05/30/26,04:10 PM,04:10 PM,Red Sox at Guardians,Progressive Field - Cleveland,"Local TV: Guardians TV Presented by Progressive ----- Local Radio: WTAM 1100- WMMS 100.7- WARF 1350- Guardians Radio Network",05/30/26,05/30/26,07:10 PM,07:10 PM,FALSE,TRUE,05/30/26,03:10 PM,03:10 PM,FREE,BUSY
05/31/26,01:40 PM,01:40 PM,Red Sox at Guardians,Progressive Field - Cleveland,"Local TV: Guardians TV Presented by Progressive ----- Local Radio: WTAM 1100- WMMS 100.7- WARF 1350- Guardians Radio Network",05/31/26,05/31/26,04:40 PM,04:40 PM,FALSE,TRUE,05/31/26,12:40 PM,12:40 PM,FREE,BUSY
06/02/26,07:05 PM,07:05 PM,Guardians at Yankees,Yankee Stadium - Bronx,"Local TV: Guardians TV Presented by Progressive ----- Local Radio: WTAM 1100- WMMS 100.7- Guardians Radio Network",06/02/26,06/02/26,10:05 PM,10:05 PM,FALSE,TRUE,06/02/26,06:05 PM,06:05 PM,FREE,BUSY
06/03/26,07:05 PM,07:05 PM,Guardians at Yankees,Yankee Stadium - Bronx,"Local TV: Guardians TV Presented by Progressive ----- Local Radio: WTAM 1100- WMMS 100.7- Guardians Radio Network",06/03/26,06/03/26,10:05 PM,10:05 PM,FALSE,TRUE,06/03/26,06:05 PM,06:05 PM,FREE,BUSY
06/04/26,01:35 PM,01:35 PM,Guardians at Yankees,Yankee Stadium - Bronx,"Local TV: Guardians TV Presented by Progressive ----- Local Radio: WTAM 1100- Guardians Radio Network",06/04/26,06/04/26,04:35 PM,04:35 PM,FALSE,TRUE,06/04/26,12:35 PM,12:35 PM,FREE,BUSY
06/05/26,08:15 PM,08:15 PM,Guardians at Rangers,Globe Life Field - Arlington,"Local TV: Guardians TV Presented by Progressive ----- Local Radio: WTAM 1100- WMMS 100.7- Guardians Radio Network",06/05/26,06/05/26,11:15 PM,11:15 PM,FALSE,TRUE,06/05/26,07:15 PM,07:15 PM,FREE,BUSY
06/06/26,07:35 PM,07:35 PM,Guardians at Rangers,Globe Life Field - Arlington,"Local TV: FOX ----- Local Radio: WTAM 1100- WMMS 100.7- Guardians Radio Network",06/06/26,06/06/26,10:35 PM,10:35 PM,FALSE,TRUE,06/06/26,06:35 PM,06:35 PM,FREE,BUSY
06/07/26,02:35 PM,02:35 PM,Guardians at Rangers,Globe Life Field - Arlington,"Local TV: Guardians TV Presented by Progressive ----- Local Radio: WTAM 1100- WMMS 100.7- Guardians Radio Network",06/07/26,06/07/26,05:35 PM,05:35 PM,FALSE,TRUE,06/07/26,01:35 PM,01:35 PM,FREE,BUSY
06/08/26,06:40 PM,06:40 PM,Yankees at Guardians,Progressive Field - Cleveland,"Local TV: FS1 ----- Local Radio: WTAM 1100- WMMS 100.7- WARF 1350- Guardians Radio Network",06/08/26,06/08/26,09:40 PM,09:40 PM,FALSE,TRUE,06/08/26,05:40 PM,05:40 PM,FREE,BUSY
06/09/26,06:40 PM,06:40 PM,Yankees at Guardians,Progressive Field - Cleveland,"Local TV: Guardians TV Presented by Progressive- WKYC 3- TBS ----- Local Radio: WTAM 1100- WMMS 100.7- WARF 1350- Guardians Radio Network",06/09/26,06/09/26,09:40 PM,09:40 PM,FALSE,TRUE,06/09/26,05:40 PM,05:40 PM,FREE,BUSY
06/10/26,01:10 PM,01:10 PM,Yankees at Guardians,Progressive Field - Cleveland,"Local TV: Guardians TV Presented by Progressive ----- Local Radio: WTAM 1100- WARF 1350- Guardians Radio Network",06/10/26,06/10/26,04:10 PM,04:10 PM,FALSE,TRUE,06/10/26,12:10 PM,12:10 PM,FREE,BUSY
06/12/26,07:10 PM,07:10 PM,Tigers at Guardians,Progressive Field - Cleveland,"Local TV: Guardians TV Presented by Progressive ----- Local Radio: WTAM 1100- WMMS 100.7- WARF 1350- Guardians Radio Network",06/12/26,06/12/26,10:10 PM,10:10 PM,FALSE,TRUE,06/12/26,06:10 PM,06:10 PM,FREE,BUSY
06/13/26,04:10 PM,04:10 PM,Tigers at Guardians,Progressive Field - Cleveland,"Local TV: Guardians TV Presented by Progressive ----- Local Radio: WTAM 1100- WMMS 100.7- WARF 1350- Guardians Radio Network",06/13/26,06/13/26,07:10 PM,07:10 PM,FALSE,TRUE,06/13/26,03:10 PM,03:10 PM,FREE,BUSY
06/14/26,01:40 PM,01:40 PM,Tigers at Guardians,Progressive Field - Cleveland,"Local TV: Guardians TV Presented by Progressive ----- Local Radio: WTAM 1100- WMMS 100.7- WARF 1350- Guardians Radio Network",06/14/26,06/14/26,04:40 PM,04:40 PM,FALSE,TRUE,06/14/26,12:40 PM,12:40 PM,FREE,BUSY
06/16/26,07:40 PM,07:40 PM,Guardians at Brewers,American Family Field - Milwaukee,"Local TV: Guardians TV Presented by Progressive ----- Local Radio: WTAM 1100- WMMS 100.7- Guardians Radio Network",06/16/26,06/16/26,10:40 PM,10:40 PM,FALSE,TRUE,06/16/26,06:40 PM,06:40 PM,FREE,BUSY
06/17/26,07:40 PM,07:40 PM,Guardians at Brewers,American Family Field - Milwaukee,"Local TV: Guardians TV Presented by Progressive ----- Local Radio: WTAM 1100- WMMS 100.7- Guardians Radio Network",06/17/26,06/17/26,10:40 PM,10:40 PM,FALSE,TRUE,06/17/26,06:40 PM,06:40 PM,FREE,BUSY
06/18/26,02:10 PM,02:10 PM,Guardians at Brewers,American Family Field - Milwaukee,"Local TV: Guardians TV Presented by Progressive ----- Local Radio: WTAM 1100- Guardians Radio Network",06/18/26,06/18/26,05:10 PM,05:10 PM,FALSE,TRUE,06/18/26,01:10 PM,01:10 PM,FREE,BUSY
06/19/26,08:10 PM,08:10 PM,Guardians at Astros,Daikin Park - Houston,"Local TV: Guardians TV Presented by Progressive ----- Local Radio: WTAM 1100- WMMS 100.7- Guardians Radio Network",06/19/26,06/19/26,11:10 PM,11:10 PM,FALSE,TRUE,06/19/26,07:10 PM,07:10 PM,FREE,BUSY
06/20/26,07:15 PM,07:15 PM,Guardians at Astros,Daikin Park - Houston,"Local TV: FOX ----- Local Radio: WTAM 1100- WMMS 100.7- Guardians Radio Network",06/20/26,06/20/26,10:15 PM,10:15 PM,FALSE,TRUE,06/20/26,06:15 PM,06:15 PM,FREE,BUSY
06/21/26,02:10 PM,02:10 PM,Guardians at Astros,Daikin Park - Houston,"Local TV: Guardians TV Presented by Progressive ----- Local Radio: WTAM 1100- WMMS 100.7- Guardians Radio Network",06/21/26,06/21/26,05:10 PM,05:10 PM,FALSE,TRUE,06/21/26,01:10 PM,01:10 PM,FREE,BUSY
06/22/26,07:40 PM,07:40 PM,Guardians at White Sox,Rate Field - Chicago,"Local TV: Guardians TV Presented by Progressive ----- Local Radio: WTAM 1100- WMMS 100.7- Guardians Radio Network",06/22/26,06/22/26,10:40 PM,10:40 PM,FALSE,TRUE,06/22/26,06:40 PM,06:40 PM,FREE,BUSY
06/23/26,07:40 PM,07:40 PM,Guardians at White Sox,Rate Field - Chicago,"Local TV: Guardians TV Presented by Progressive ----- Local Radio: WTAM 1100- WMMS 100.7- Guardians Radio Network",06/23/26,06/23/26,10:40 PM,10:40 PM,FALSE,TRUE,06/23/26,06:40 PM,06:40 PM,FREE,BUSY
06/24/26,02:10 PM,02:10 PM,Guardians at White Sox,Rate Field - Chicago,"Local TV: Guardians TV Presented by Progressive ----- Local Radio: WTAM 1100- Guardians Radio Network",06/24/26,06/24/26,05:10 PM,05:10 PM,FALSE,TRUE,06/24/26,01:10 PM,01:10 PM,FREE,BUSY
06/26/26,07:10 PM,07:10 PM,Mariners at Guardians,Progressive Field - Cleveland,"Local TV: Guardians TV Presented by Progressive- WKYC 3 ----- Local Radio: WTAM 1100- WMMS 100.7- WARF 1350- Guardians Radio Network",06/26/26,06/26/26,10:10 PM,10:10 PM,FALSE,TRUE,06/26/26,06:10 PM,06:10 PM,FREE,BUSY
06/27/26,07:10 PM,07:10 PM,Mariners at Guardians,Progressive Field - Cleveland,"Local TV: Guardians TV Presented by Progressive ----- Local Radio: WTAM 1100- WMMS 100.7- WARF 1350- Guardians Radio Network",06/27/26,06/27/26,10:10 PM,10:10 PM,FALSE,TRUE,06/27/26,06:10 PM,06:10 PM,FREE,BUSY
06/28/26,01:40 PM,01:40 PM,Mariners at Guardians,Progressive Field - Cleveland,"Local TV: Guardians TV Presented by Progressive ----- Local Radio: WTAM 1100- WMMS 100.7- WARF 1350- Guardians Radio Network",06/28/26,06/28/26,04:40 PM,04:40 PM,FALSE,TRUE,06/28/26,12:40 PM,12:40 PM,FREE,BUSY
06/29/26,07:10 PM,07:10 PM,Rangers at Guardians,Progressive Field - Cleveland,"Local TV: Guardians TV Presented by Progressive ----- Local Radio: WTAM 1100- WMMS 100.7- WARF 1350- Guardians Radio Network",06/29/26,06/29/26,10:10 PM,10:10 PM,FALSE,TRUE,06/29/26,06:10 PM,06:10 PM,FREE,BUSY
06/30/26,06:40 PM,06:40 PM,Rangers at Guardians,Progressive Field - Cleveland,"Local TV: Guardians TV Presented by Progressive ----- Local Radio: WTAM 1100- WMMS 100.7- WARF 1350- Guardians Radio Network",06/30/26,06/30/26,09:40 PM,09:40 PM,FALSE,TRUE,06/30/26,05:40 PM,05:40 PM,FREE,BUSY
07/01/26,01:10 PM,01:10 PM,Rangers at Guardians,Progressive Field - Cleveland,"Local TV: Guardians TV Presented by Progressive ----- Local Radio: WTAM 1100- WARF 1350- Guardians Radio Network",07/01/26,07/01/26,04:10 PM,04:10 PM,FALSE,TRUE,07/01/26,12:10 PM,12:10 PM,FREE,BUSY
07/02/26,06:40 PM,06:40 PM,White Sox at Guardians,Progressive Field - Cleveland,"Local TV: Guardians TV Presented by Progressive ----- Local Radio: WTAM 1100- WMMS 100.7- WARF 1350- Guardians Radio Network",07/02/26,07/02/26,09:40 PM,09:40 PM,FALSE,TRUE,07/02/26,05:40 PM,05:40 PM,FREE,BUSY
07/03/26,07:10 PM,07:10 PM,White Sox at Guardians,Progressive Field - Cleveland,"Local TV: Guardians TV Presented by Progressive- WKYC 3 ----- Local Radio: WTAM 1100- WMMS 100.7- WARF 1350- Guardians Radio Network",07/03/26,07/03/26,10:10 PM,10:10 PM,FALSE,TRUE,07/03/26,06:10 PM,06:10 PM,FREE,BUSY
07/04/26,07:10 PM,07:10 PM,White Sox at Guardians,Progressive Field - Cleveland,"Local TV: Guardians TV Presented by Progressive ----- Local Radio: WTAM 1100- WMMS 100.7- Guardians Radio Network- WARF 1350",07/04/26,07/04/26,10:10 PM,10:10 PM,FALSE,TRUE,07/04/26,06:10 PM,06:10 PM,FREE,BUSY
07/05/26,02:00 PM,02:00 PM,White Sox at Guardians,Progressive Field - Cleveland,"Local TV: Peacock ----- Local Radio: WTAM 1100- WMMS 100.7- WARF 1350- Guardians Radio Network",07/05/26,07/05/26,05:00 PM,05:00 PM,FALSE,TRUE,07/05/26,01:00 PM,01:00 PM,FREE,BUSY
07/07/26,07:40 PM,07:40 PM,Guardians at Twins,Target Field - Minneapolis,"Local TV: Guardians TV Presented by Progressive ----- Local Radio: WTAM 1100- WMMS 100.7- Guardians Radio Network",07/07/26,07/07/26,10:40 PM,10:40 PM,FALSE,TRUE,07/07/26,06:40 PM,06:40 PM,FREE,BUSY
07/08/26,07:40 PM,07:40 PM,Guardians at Twins,Target Field - Minneapolis,"Local TV: Guardians TV Presented by Progressive ----- Local Radio: WTAM 1100- WMMS 100.7- Guardians Radio Network",07/08/26,07/08/26,10:40 PM,10:40 PM,FALSE,TRUE,07/08/26,06:40 PM,06:40 PM,FREE,BUSY
07/09/26,01:40 PM,01:40 PM,Guardians at Twins,Target Field - Minneapolis,"Local TV: Guardians TV Presented by Progressive ----- Local Radio: WTAM 1100- Guardians Radio Network",07/09/26,07/09/26,04:40 PM,04:40 PM,FALSE,TRUE,07/09/26,12:40 PM,12:40 PM,FREE,BUSY
07/10/26,07:10 PM,07:10 PM,Guardians at Marlins,loanDepot park - Miami,"Local TV: Guardians TV Presented by Progressive ----- Local Radio: WTAM 1100- WMMS 100.7- Guardians Radio Network",07/10/26,07/10/26,10:10 PM,10:10 PM,FALSE,TRUE,07/10/26,06:10 PM,06:10 PM,FREE,BUSY
07/11/26,04:10 PM,04:10 PM,Guardians at Marlins,loanDepot park - Miami,"Local TV: Guardians TV Presented by Progressive ----- Local Radio: WTAM 1100- WMMS 100.7- Guardians Radio Network",07/11/26,07/11/26,07:10 PM,07:10 PM,FALSE,TRUE,07/11/26,03:10 PM,03:10 PM,FREE,BUSY
07/12/26,01:40 PM,01:40 PM,Guardians at Marlins,loanDepot park - Miami,"Local TV: Guardians TV Presented by Progressive ----- Local Radio: WTAM 1100- WMMS 100.7- Guardians Radio Network",07/12/26,07/12/26,04:40 PM,04:40 PM,FALSE,TRUE,07/12/26,12:40 PM,12:40 PM,FREE,BUSY
07/17/26,07:10 PM,07:10 PM,Pirates at Guardians,Progressive Field - Cleveland,"Local TV: Guardians TV Presented by Progressive ----- Local Radio: WTAM 1100- WMMS 100.7- WARF 1350- Guardians Radio Network",07/17/26,07/17/26,10:10 PM,10:10 PM,FALSE,TRUE,07/17/26,06:10 PM,06:10 PM,FREE,BUSY
07/18/26,04:10 PM,04:10 PM,Pirates at Guardians,Progressive Field - Cleveland,"Local TV: Guardians TV Presented by Progressive ----- Local Radio: WTAM 1100- WMMS 100.7- Guardians Radio Network- WARF 1350",07/18/26,07/18/26,07:10 PM,07:10 PM,FALSE,TRUE,07/18/26,03:10 PM,03:10 PM,FREE,BUSY
07/19/26,01:40 PM,01:40 PM,Pirates at Guardians,Progressive Field - Cleveland,"Local TV: Guardians TV Presented by Progressive ----- Local Radio: WTAM 1100- WMMS 100.7- WARF 1350- Guardians Radio Network",07/19/26,07/19/26,04:40 PM,04:40 PM,FALSE,TRUE,07/19/26,12:40 PM,12:40 PM,FREE,BUSY
07/20/26,06:40 PM,06:40 PM,Twins at Guardians,Progressive Field - Cleveland,"Local TV: Guardians TV Presented by Progressive ----- Local Radio: WTAM 1100- WMMS 100.7- WARF 1350- Guardians Radio Network",07/20/26,07/20/26,09:40 PM,09:40 PM,FALSE,TRUE,07/20/26,05:40 PM,05:40 PM,FREE,BUSY
07/21/26,06:40 PM,06:40 PM,Twins at Guardians,Progressive Field - Cleveland,"Local TV: Guardians TV Presented by Progressive ----- Local Radio: WTAM 1100- WMMS 100.7- WARF 1350- Guardians Radio Network",07/21/26,07/21/26,09:40 PM,09:40 PM,FALSE,TRUE,07/21/26,05:40 PM,05:40 PM,FREE,BUSY
07/22/26,06:40 PM,06:40 PM,Twins at Guardians,Progressive Field - Cleveland,"Local TV: Guardians TV Presented by Progressive ----- Local Radio: WTAM 1100- WMMS 100.7- WARF 1350- Guardians Radio Network",07/22/26,07/22/26,09:40 PM,09:40 PM,FALSE,TRUE,07/22/26,05:40 PM,05:40 PM,FREE,BUSY
07/23/26,01:10 PM,01:10 PM,Twins at Guardians,Progressive Field - Cleveland,"Local TV: Guardians TV Presented by Progressive ----- Local Radio: WTAM 1100- WARF 1350- Guardians Radio Network",07/23/26,07/23/26,04:10 PM,04:10 PM,FALSE,TRUE,07/23/26,12:10 PM,12:10 PM,FREE,BUSY
07/24/26,07:10 PM,07:10 PM,Guardians at Rays,Tropicana Field - St. Petersburg,"Local TV: Guardians TV Presented by Progressive ----- Local Radio: WTAM 1100- WMMS 100.7- Guardians Radio Network",07/24/26,07/24/26,10:10 PM,10:10 PM,FALSE,TRUE,07/24/26,06:10 PM,06:10 PM,FREE,BUSY
07/25/26,06:10 PM,06:10 PM,Guardians at Rays,Tropicana Field - St. Petersburg,"Local TV: Guardians TV Presented by Progressive ----- Local Radio: WTAM 1100- WMMS 100.7- Guardians Radio Network",07/25/26,07/25/26,09:10 PM,09:10 PM,FALSE,TRUE,07/25/26,05:10 PM,05:10 PM,FREE,BUSY
07/26/26,12:15 PM,12:15 PM,Guardians at Rays,Tropicana Field - St. Petersburg,"Local TV: Peacock ----- Local Radio: WTAM 1100- WMMS 100.7- Guardians Radio Network",07/26/26,07/26/26,03:15 PM,03:15 PM,FALSE,TRUE,07/26/26,11:15 AM,11:15 AM,FREE,BUSY
07/27/26,07:10 PM,07:10 PM,Guardians at Reds,Great American Ball Park - Cincinnati,"Local TV: Guardians TV Presented by Progressive ----- Local Radio: WTAM 1100- WMMS 100.7- Guardians Radio Network",07/27/26,07/27/26,10:10 PM,10:10 PM,FALSE,TRUE,07/27/26,06:10 PM,06:10 PM,FREE,BUSY
07/28/26,07:10 PM,07:10 PM,Guardians at Reds,Great American Ball Park - Cincinnati,"Local TV: Guardians TV Presented by Progressive ----- Local Radio: WTAM 1100- WMMS 100.7- Guardians Radio Network",07/28/26,07/28/26,10:10 PM,10:10 PM,FALSE,TRUE,07/28/26,06:10 PM,06:10 PM,FREE,BUSY
07/29/26,07:10 PM,07:10 PM,Guardians at Reds,Great American Ball Park - Cincinnati,"Local TV: Guardians TV Presented by Progressive ----- Local Radio: WTAM 1100- WMMS 100.7- Guardians Radio Network",07/29/26,07/29/26,10:10 PM,10:10 PM,FALSE,TRUE,07/29/26,06:10 PM,06:10 PM,FREE,BUSY
07/31/26,07:10 PM,07:10 PM,D-backs at Guardians,Progressive Field - Cleveland,"Local TV: Guardians TV Presented by Progressive ----- Local Radio: WTAM 1100- WMMS 100.7- WARF 1350- Guardians Radio Network",07/31/26,07/31/26,10:10 PM,10:10 PM,FALSE,TRUE,07/31/26,06:10 PM,06:10 PM,FREE,BUSY
08/01/26,07:15 PM,07:15 PM,D-backs at Guardians,Progressive Field - Cleveland,"Local TV: FOX ----- Local Radio: WTAM 1100- WMMS 100.7- WARF 1350- Guardians Radio Network",08/01/26,08/01/26,10:15 PM,10:15 PM,FALSE,TRUE,08/01/26,06:15 PM,06:15 PM,FREE,BUSY
08/02/26,01:40 PM,01:40 PM,D-backs at Guardians,Progressive Field - Cleveland,"Local TV: Guardians TV Presented by Progressive ----- Local Radio: WTAM 1100- WMMS 100.7- WARF 1350- Guardians Radio Network",08/02/26,08/02/26,04:40 PM,04:40 PM,FALSE,TRUE,08/02/26,12:40 PM,12:40 PM,FREE,BUSY
08/04/26,06:40 PM,06:40 PM,Mets at Guardians,Progressive Field - Cleveland,"Local TV: Guardians TV Presented by Progressive- WKYC 3 ----- Local Radio: WTAM 1100- WMMS 100.7- WARF 1350- Guardians Radio Network",08/04/26,08/04/26,09:40 PM,09:40 PM,FALSE,TRUE,08/04/26,05:40 PM,05:40 PM,FREE,BUSY
08/05/26,06:40 PM,06:40 PM,Mets at Guardians,Progressive Field - Cleveland,"Local TV: Guardians TV Presented by Progressive ----- Local Radio: WTAM 1100- WMMS 100.7- WARF 1350- Guardians Radio Network",08/05/26,08/05/26,09:40 PM,09:40 PM,FALSE,TRUE,08/05/26,05:40 PM,05:40 PM,FREE,BUSY
08/06/26,01:10 PM,01:10 PM,Mets at Guardians,Progressive Field - Cleveland,"Local TV: Guardians TV Presented by Progressive ----- Local Radio: WTAM 1100- Guardians Radio Network- WARF 1350",08/06/26,08/06/26,04:10 PM,04:10 PM,FALSE,TRUE,08/06/26,12:10 PM,12:10 PM,FREE,BUSY
08/07/26,07:40 PM,07:40 PM,Guardians at White Sox,Rate Field - Chicago,"Local TV: Guardians TV Presented by Progressive ----- Local Radio: WTAM 1100- WMMS 100.7- Guardians Radio Network",08/07/26,08/07/26,10:40 PM,10:40 PM,FALSE,TRUE,08/07/26,06:40 PM,06:40 PM,FREE,BUSY
08/08/26,07:10 PM,07:10 PM,Guardians at White Sox,Rate Field - Chicago,"Local TV: Guardians TV Presented by Progressive ----- Local Radio: WTAM 1100- WMMS 100.7- Guardians Radio Network",08/08/26,08/08/26,10:10 PM,10:10 PM,FALSE,TRUE,08/08/26,06:10 PM,06:10 PM,FREE,BUSY
08/09/26,02:10 PM,02:10 PM,Guardians at White Sox,Rate Field - Chicago,"Local TV: Guardians TV Presented by Progressive ----- Local Radio: WTAM 1100- WMMS 100.7- Guardians Radio Network",08/09/26,08/09/26,05:10 PM,05:10 PM,FALSE,TRUE,08/09/26,01:10 PM,01:10 PM,FREE,BUSY
08/11/26,06:40 PM,06:40 PM,Guardians at Tigers,Comerica Park - Detroit,"Local TV: Guardians TV Presented by Progressive ----- Local Radio: WTAM 1100- WMMS 100.7- Guardians Radio Network",08/11/26,08/11/26,09:40 PM,09:40 PM,FALSE,TRUE,08/11/26,05:40 PM,05:40 PM,FREE,BUSY
08/12/26,06:40 PM,06:40 PM,Guardians at Tigers,Comerica Park - Detroit,"Local TV: Guardians TV Presented by Progressive ----- Local Radio: WTAM 1100- WMMS 100.7- Guardians Radio Network",08/12/26,08/12/26,09:40 PM,09:40 PM,FALSE,TRUE,08/12/26,05:40 PM,05:40 PM,FREE,BUSY
08/13/26,01:10 PM,01:10 PM,Guardians at Tigers,Comerica Park - Detroit,"Local TV: Guardians TV Presented by Progressive ----- Local Radio: WTAM 1100- Guardians Radio Network",08/13/26,08/13/26,04:10 PM,04:10 PM,FALSE,TRUE,08/13/26,12:10 PM,12:10 PM,FREE,BUSY
08/14/26,07:10 PM,07:10 PM,Padres at Guardians,Progressive Field - Cleveland,"Local TV: Guardians TV Presented by Progressive ----- Local Radio: WTAM 1100- WMMS 100.7- WARF 1350- Guardians Radio Network",08/14/26,08/14/26,10:10 PM,10:10 PM,FALSE,TRUE,08/14/26,06:10 PM,06:10 PM,FREE,BUSY
08/15/26,07:10 PM,07:10 PM,Padres at Guardians,Progressive Field - Cleveland,"Local TV: Guardians TV Presented by Progressive ----- Local Radio: WTAM 1100- WMMS 100.7- WARF 1350- Guardians Radio Network",08/15/26,08/15/26,10:10 PM,10:10 PM,FALSE,TRUE,08/15/26,06:10 PM,06:10 PM,FREE,BUSY
08/16/26,01:40 PM,01:40 PM,Padres at Guardians,Progressive Field - Cleveland,"Local TV: Guardians TV Presented by Progressive ----- Local Radio: WTAM 1100- WMMS 100.7- WARF 1350- Guardians Radio Network",08/16/26,08/16/26,04:40 PM,04:40 PM,FALSE,TRUE,08/16/26,12:40 PM,12:40 PM,FREE,BUSY
08/18/26,06:40 PM,06:40 PM,Giants at Guardians,Progressive Field - Cleveland,"Local TV: Guardians TV Presented by Progressive ----- Local Radio: WTAM 1100- WMMS 100.7- WARF 1350- Guardians Radio Network",08/18/26,08/18/26,09:40 PM,09:40 PM,FALSE,TRUE,08/18/26,05:40 PM,05:40 PM,FREE,BUSY
08/19/26,06:40 PM,06:40 PM,Giants at Guardians,Progressive Field - Cleveland,"Local TV: Guardians TV Presented by Progressive ----- Local Radio: WTAM 1100- WMMS 100.7- WARF 1350- Guardians Radio Network",08/19/26,08/19/26,09:40 PM,09:40 PM,FALSE,TRUE,08/19/26,05:40 PM,05:40 PM,FREE,BUSY
08/20/26,01:10 PM,01:10 PM,Giants at Guardians,Progressive Field - Cleveland,"Local TV: Guardians TV Presented by Progressive ----- Local Radio: WTAM 1100- Guardians Radio Network- WARF 1350",08/20/26,08/20/26,04:10 PM,04:10 PM,FALSE,TRUE,08/20/26,12:10 PM,12:10 PM,FREE,BUSY
08/21/26,08:40 PM,08:40 PM,Guardians at Rockies,Coors Field - Denver,"Local TV: Guardians TV Presented by Progressive ----- Local Radio: WTAM 1100- WMMS 100.7- Guardians Radio Network",08/21/26,08/21/26,11:40 PM,11:40 PM,FALSE,TRUE,08/21/26,07:40 PM,07:40 PM,FREE,BUSY
08/22/26,08:10 PM,08:10 PM,Guardians at Rockies,Coors Field - Denver,"Local TV: Guardians TV Presented by Progressive ----- Local Radio: WTAM 1100- WMMS 100.7- Guardians Radio Network",08/22/26,08/22/26,11:10 PM,11:10 PM,FALSE,TRUE,08/22/26,07:10 PM,07:10 PM,FREE,BUSY
08/23/26,03:10 PM,03:10 PM,Guardians at Rockies,Coors Field - Denver,"Local TV: Guardians TV Presented by Progressive ----- Local Radio: WTAM 1100- WMMS 100.7- Guardians Radio Network",08/23/26,08/23/26,06:10 PM,06:10 PM,FALSE,TRUE,08/23/26,02:10 PM,02:10 PM,FREE,BUSY
08/24/26,09:38 PM,09:38 PM,Guardians at Angels,Angel Stadium - Anaheim,"Local TV: Guardians TV Presented by Progressive ----- Local Radio: WTAM 1100- WMMS 100.7- Guardians Radio Network",08/25/26,08/25/26,12:38 AM,12:38 AM,FALSE,TRUE,08/24/26,08:38 PM,08:38 PM,FREE,BUSY
08/25/26,09:38 PM,09:38 PM,Guardians at Angels,Angel Stadium - Anaheim,"Local TV: Guardians TV Presented by Progressive ----- Local Radio: WTAM 1100- WMMS 100.7- Guardians Radio Network",08/26/26,08/26/26,12:38 AM,12:38 AM,FALSE,TRUE,08/25/26,08:38 PM,08:38 PM,FREE,BUSY
08/26/26,04:07 PM,04:07 PM,Guardians at Angels,Angel Stadium - Anaheim,"Local TV: Guardians TV Presented by Progressive ----- Local Radio: WTAM 1100- Guardians Radio Network",08/26/26,08/26/26,07:07 PM,07:07 PM,FALSE,TRUE,08/26/26,03:07 PM,03:07 PM,FREE,BUSY
08/28/26,07:10 PM,07:10 PM,Royals at Guardians,Progressive Field - Cleveland,"Local TV: Guardians TV Presented by Progressive ----- Local Radio: WTAM 1100- WMMS 100.7- WARF 1350- Guardians Radio Network",08/28/26,08/28/26,10:10 PM,10:10 PM,FALSE,TRUE,08/28/26,06:10 PM,06:10 PM,FREE,BUSY
08/29/26,04:10 PM,04:10 PM,Royals at Guardians,Progressive Field - Cleveland,"Local TV: Guardians TV Presented by Progressive ----- Local Radio: WTAM 1100- WMMS 100.7- Guardians Radio Network- WARF 1350",08/29/26,08/29/26,07:10 PM,07:10 PM,FALSE,TRUE,08/29/26,03:10 PM,03:10 PM,FREE,BUSY
08/30/26,01:40 PM,01:40 PM,Royals at Guardians,Progressive Field - Cleveland,"Local TV: Guardians TV Presented by Progressive ----- Local Radio: WTAM 1100- WMMS 100.7- Guardians Radio Network- WARF 1350",08/30/26,08/30/26,04:40 PM,04:40 PM,FALSE,TRUE,08/30/26,12:40 PM,12:40 PM,FREE,BUSY
09/01/26,06:40 PM,06:40 PM,Blue Jays at Guardians,Progressive Field - Cleveland,"Local TV: Guardians TV Presented by Progressive ----- Local Radio: WTAM 1100- WMMS 100.7- WARF 1350- Guardians Radio Network",09/01/26,09/01/26,09:40 PM,09:40 PM,FALSE,TRUE,09/01/26,05:40 PM,05:40 PM,FREE,BUSY
09/02/26,06:40 PM,06:40 PM,Blue Jays at Guardians,Progressive Field - Cleveland,"Local TV: Guardians TV Presented by Progressive ----- Local Radio: WTAM 1100- WMMS 100.7- Guardians Radio Network- WARF 1350",09/02/26,09/02/26,09:40 PM,09:40 PM,FALSE,TRUE,09/02/26,05:40 PM,05:40 PM,FREE,BUSY
09/03/26,01:10 PM,01:10 PM,Blue Jays at Guardians,Progressive Field - Cleveland,"Local TV: Guardians TV Presented by Progressive ----- Local Radio: WTAM 1100- Guardians Radio Network- WARF 1350",09/03/26,09/03/26,04:10 PM,04:10 PM,FALSE,TRUE,09/03/26,12:10 PM,12:10 PM,FREE,BUSY
09/04/26,07:10 PM,07:10 PM,Tigers at Guardians,Progressive Field - Cleveland,"Local TV: Guardians TV Presented by Progressive- WKYC 3 ----- Local Radio: WTAM 1100- WMMS 100.7- WARF 1350- Guardians Radio Network",09/04/26,09/04/26,10:10 PM,10:10 PM,FALSE,TRUE,09/04/26,06:10 PM,06:10 PM,FREE,BUSY
09/05/26,07:15 PM,07:15 PM,Tigers at Guardians,Progressive Field - Cleveland,"Local TV: FOX ----- Local Radio: WTAM 1100- WMMS 100.7- WARF 1350- Guardians Radio Network",09/05/26,09/05/26,10:15 PM,10:15 PM,FALSE,TRUE,09/05/26,06:15 PM,06:15 PM,FREE,BUSY
09/06/26,01:40 PM,01:40 PM,Tigers at Guardians,Progressive Field - Cleveland,"Local TV: Guardians TV Presented by Progressive ----- Local Radio: WTAM 1100- WMMS 100.7- WARF 1350- Guardians Radio Network",09/06/26,09/06/26,04:40 PM,04:40 PM,FALSE,TRUE,09/06/26,12:40 PM,12:40 PM,FREE,BUSY
09/07/26,01:35 PM,01:35 PM,Guardians at Orioles,Oriole Park at Camden Yards - Baltimore,"Local TV: Guardians TV Presented by Progressive ----- Local Radio: WTAM 1100- WMMS 100.7- Guardians Radio Network",09/07/26,09/07/26,04:35 PM,04:35 PM,FALSE,TRUE,09/07/26,12:35 PM,12:35 PM,FREE,BUSY
09/08/26,06:35 PM,06:35 PM,Guardians at Orioles,Oriole Park at Camden Yards - Baltimore,"Local TV: Guardians TV Presented by Progressive ----- Local Radio: WTAM 1100- WMMS 100.7- Guardians Radio Network",09/08/26,09/08/26,09:35 PM,09:35 PM,FALSE,TRUE,09/08/26,05:35 PM,05:35 PM,FREE,BUSY
09/09/26,06:35 PM,06:35 PM,Guardians at Orioles,Oriole Park at Camden Yards - Baltimore,"Local TV: Guardians TV Presented by Progressive ----- Local Radio: WTAM 1100- WMMS 100.7- Guardians Radio Network",09/09/26,09/09/26,09:35 PM,09:35 PM,FALSE,TRUE,09/09/26,05:35 PM,05:35 PM,FREE,BUSY
09/11/26,08:10 PM,08:10 PM,Guardians at Twins,Target Field - Minneapolis,"Local TV: Guardians TV Presented by Progressive ----- Local Radio: WTAM 1100- WMMS 100.7- Guardians Radio Network",09/11/26,09/11/26,11:10 PM,11:10 PM,FALSE,TRUE,09/11/26,07:10 PM,07:10 PM,FREE,BUSY
09/12/26,04:10 PM,04:10 PM,Guardians at Twins,Target Field - Minneapolis,"Local TV: Guardians TV Presented by Progressive ----- Local Radio: WTAM 1100- WMMS 100.7- Guardians Radio Network",09/12/26,09/12/26,07:10 PM,07:10 PM,FALSE,TRUE,09/12/26,03:10 PM,03:10 PM,FREE,BUSY
09/13/26,02:10 PM,02:10 PM,Guardians at Twins,Target Field - Minneapolis,"Local TV: Guardians TV Presented by Progressive ----- Local Radio: WTAM 1100- WMMS 100.7- Guardians Radio Network",09/13/26,09/13/26,05:10 PM,05:10 PM,FALSE,TRUE,09/13/26,01:10 PM,01:10 PM,FREE,BUSY
09/14/26,06:40 PM,06:40 PM,White Sox at Guardians,Progressive Field - Cleveland,"Local TV: Guardians TV Presented by Progressive ----- Local Radio: WTAM 1100- WMMS 100.7- Guardians Radio Network- WARF 1350",09/14/26,09/14/26,09:40 PM,09:40 PM,FALSE,TRUE,09/14/26,05:40 PM,05:40 PM,FREE,BUSY
09/15/26,06:40 PM,06:40 PM,White Sox at Guardians,Progressive Field - Cleveland,"Local TV: Guardians TV Presented by Progressive ----- Local Radio: WTAM 1100- WMMS 100.7- Guardians Radio Network- WARF 1350",09/15/26,09/15/26,09:40 PM,09:40 PM,FALSE,TRUE,09/15/26,05:40 PM,05:40 PM,FREE,BUSY
09/16/26,01:10 PM,01:10 PM,White Sox at Guardians,Progressive Field - Cleveland,"Local TV: Guardians TV Presented by Progressive ----- Local Radio: WTAM 1100- Guardians Radio Network- WARF 1350",09/16/26,09/16/26,04:10 PM,04:10 PM,FALSE,TRUE,09/16/26,12:10 PM,12:10 PM,FREE,BUSY
09/18/26,07:10 PM,07:10 PM,Athletics at Guardians,Progressive Field - Cleveland,"Local TV: Guardians TV Presented by Progressive- WKYC 3 ----- Local Radio: WTAM 1100- WMMS 100.7- WARF 1350- Guardians Radio Network",09/18/26,09/18/26,10:10 PM,10:10 PM,FALSE,TRUE,09/18/26,06:10 PM,06:10 PM,FREE,BUSY
09/19/26,06:10 PM,06:10 PM,Athletics at Guardians,Progressive Field - Cleveland,"Local TV: Guardians TV Presented by Progressive ----- Local Radio: WTAM 1100- WMMS 100.7- WARF 1350- Guardians Radio Network",09/19/26,09/19/26,09:10 PM,09:10 PM,FALSE,TRUE,09/19/26,05:10 PM,05:10 PM,FREE,BUSY
09/20/26,01:40 PM,01:40 PM,Athletics at Guardians,Progressive Field - Cleveland,"Local TV: Guardians TV Presented by Progressive ----- Local Radio: WTAM 1100- WMMS 100.7- Guardians Radio Network- WARF 1350",09/20/26,09/20/26,04:40 PM,04:40 PM,FALSE,TRUE,09/20/26,12:40 PM,12:40 PM,FREE,BUSY
09/22/26,06:45 PM,06:45 PM,Guardians at Red Sox,Fenway Park - Boston,"Local TV: Guardians TV Presented by Progressive ----- Local Radio: WTAM 1100- WMMS 100.7- Guardians Radio Network",09/22/26,09/22/26,09:45 PM,09:45 PM,FALSE,TRUE,09/22/26,05:45 PM,05:45 PM,FREE,BUSY
09/23/26,07:10 PM,07:10 PM,Guardians at Red Sox,Fenway Park - Boston,"Local TV: Guardians TV Presented by Progressive ----- Local Radio: WTAM 1100- WMMS 100.7- Guardians Radio Network",09/23/26,09/23/26,10:10 PM,10:10 PM,FALSE,TRUE,09/23/26,06:10 PM,06:10 PM,FREE,BUSY
09/24/26,06:45 PM,06:45 PM,Guardians at Red Sox,Fenway Park - Boston,"Local TV: Guardians TV Presented by Progressive ----- Local Radio: WTAM 1100- WMMS 100.7- Guardians Radio Network",09/24/26,09/24/26,09:45 PM,09:45 PM,FALSE,TRUE,09/24/26,05:45 PM,05:45 PM,FREE,BUSY
09/25/26,07:40 PM,07:40 PM,Guardians at Royals,Kauffman Stadium - Kansas City,"Local TV: Guardians TV Presented by Progressive ----- Local Radio: WTAM 1100- WMMS 100.7- Guardians Radio Network",09/25/26,09/25/26,10:40 PM,10:40 PM,FALSE,TRUE,09/25/26,06:40 PM,06:40 PM,FREE,BUSY
09/26/26,07:10 PM,07:10 PM,Guardians at Royals,Kauffman Stadium - Kansas City,"Local TV: Guardians TV Presented by Progressive ----- Local Radio: WTAM 1100- WMMS 100.7- Guardians Radio Network",09/26/26,09/26/26,10:10 PM,10:10 PM,FALSE,TRUE,09/26/26,06:10 PM,06:10 PM,FREE,BUSY
09/27/26,03:10 PM,03:10 PM,Guardians at Royals,Kauffman Stadium - Kansas City,"Local TV: Guardians TV Presented by Progressive ----- Local Radio: WTAM 1100- WMMS 100.7- Guardians Radio Network",09/27/26,09/27/26,06:10 PM,06:10 PM,FALSE,TRUE,09/27/26,02:10 PM,02:10 PM,FREE,BUSY
